web_url,headline,snippet,word_count,source,type_of_material,date,id
https://www.nytimes.com/reuters/2019/01/01/sports/tennis/01reuters-tennis-brisbane.html,"Kyrgios, Murray Power Into Second Round in Brisbane",Nick Kyrgios started his Brisbane Open title defense with a battling 7-6(5) 5-7 7-6(5) victory over American Ryan Harrison in the opening round on Tuesday.,435,Reuters,News,2019-01-01,8
https://www.nytimes.com/reuters/2019/01/01/world/europe/01reuters-britain-security-manchester-police.html,UK Police Treating Manchester Stabbing Attack as Terrorist Investigation,"British police confirmed on Tuesday they were treating a stabbing attack which injured three people at Manchester's Victoria train station as a terrorist investigation, and were searching an address in the Cheetham Hill area of the city.",81,Reuters,News,2019-01-01,9
https://www.nytimes.com/aponline/2019/01/01/sports/ap-podcastone-sports-now.html,Former NFL Player Wiley Talks Playoffs on PodcastOne Sports,"Marcellus Wiley is still on the fence about letting his young son play football. But the former NFL defensive end and Fox Sports personality tells PodcastOne Sports Now that he likes what the NFL is doing to try and make football a safer game, des...",272,AP,News,2019-01-01,10
https://www.nytimes.com/2019/01/09/arts/design/dana-schutz-painting-emmett-till-petzel-gallery.html,"After the Quake, Dana Schutz Gets Back to Work ","Still reckoning with the fallout from her Emmett Till painting, the chastened artist reveals how the controversy has changed her — even as she moves forward with a new gallery show.",1540,The New York Times,News,2019-01-09,11
https://www.nytimes.com/aponline/2019/01/10/sports/ncaabasketball/ap-bkw-t25-louisville-notre-dame.html,Ogunbowale Helps Irish Beat Cardinals in 1-2 Showdown,"As far as Arike Ogunbowale and coach Muffet McGraw were concerned, No. 1 Notre Dame's 82-68 victory over No. 2 Louisville on Thursday night was just another Atlantic Coast Conference game in January.",1059,AP,News,2019-01-11,12
https://www.nytimes.com/aponline/2019/01/10/us/ap-us-short-term-rentals-new-orleans.html,New Orleans Moves Closer to Short-Term Rental Restrictions,"A prohibition on ""whole-home"" vacation rentals such as those arranged online by Airbnb moved closer to reality Thursday in New Orleans.",564,AP,News,2019-01-10,13
https://www.nytimes.com/2019/01/10/opinion/trump-shutdown.html,Trump’s Big Libertarian Experiment,Does contaminated food smell like freedom?,825,The New York Times,Op-Ed,2019-01-10,14
https://www.nytimes.com/aponline/2019/01/11/us/ap-us-federal-shutdown-personal-finance.html,How You (and Your Finances) Can Survive the Federal Shutdown,"There's no end in sight to the partial federal shutdown and, more distressing to federal workers, no paycheck in sight either.",1025,AP,News,2019-01-11,15
https://www.nytimes.com/reuters/2019/01/10/world/americas/10reuters-mexico-oil-theft-shipping.html,Mexican Ports See Bottlenecks as Fuel Distribution Slows-Traders,"Bottlenecks for offloading imported fuel are forming at some Mexican oil ports following government orders to shut pipelines to limit losses from widespread fuel theft, according to traders and Refinitiv Eikon data.  ",746,Reuters,News,2019-01-10,16
https://www.nytimes.com/reuters/2019/01/10/sports/tennis/10reuters-tennis-ausopen-reaction.html,Reaction to Andy Murray's Impending Retirement From the Sport,Following is reaction to Andy Murray's announcement on Friday that this year's Australian Open could be his last tournament as a professional.,312,Reuters,News,2019-01-11,17
https://www.nytimes.com/2019/01/10/us/politics/shutdown-faa.html,F.A.A. Unions Highlight Potential Risks to Air Safety From Shutdown,"The labor movement is pressing the government to get federal employees back to work, and is highlighting ways in which basic services could be compromised.",1268,The New York Times,News,2019-01-10,18
https://www.nytimes.com/2019/01/10/us/politics/mnuchin-russia-sanctions.html,Mnuchin Defends Plan to Lift Sanctions on Russian Oligarch’s Companies,House Democrats left a classified briefing with the Treasury secretary skeptical of the plan and unimpressed by the secretary’s defense of it.,657,The New York Times,News,2019-01-10,19
https://www.nytimes.com/2019/01/10/sports/match-fixing-tennis.html,Spanish Police Link 28 Tennis Players to Match-Fixing Ring,The police accused the Spanish tennis player Marc Fornell-Mestres of being a link between players and an Armenian ring that bribed them for betting purposes.,408,The New York Times,News,2019-01-10,20
https://www.nytimes.com/aponline/2019/01/10/world/asia/ap-as-taiwan-politics.html,Taiwan Leader Appoints New Premier Following Election Loss,Taiwanese President Tsai Ing-wen appointed a close political ally as premier during a Cabinet reshuffle Friday following the ruling party's heavy election losses and growing pressure from rival China.,403,AP,News,2019-01-11,21
https://www.nytimes.com/reuters/2019/01/11/sports/soccer/11reuters-soccer-england-ful-ranieri.html,"Fulham Need Experienced Signings to Avoid the Drop, Says Ranieri","Fulham are looking to sign experienced ""leaders"" during the January transfer window to help the struggling club retain their Premier League status, manager Claudio Ranieri said.",246,Reuters,News,2019-01-11,22
https://www.nytimes.com/2019/01/10/sports/australian-open-draw.html,Serena Williams Could Face Top Seed Early at the Australian Open,"Williams, seeded 16th, may have a fourth-round match against top-seeded Simona Halep, or perhaps her sister Venus, in Melbourne.",801,The New York Times,News,2019-01-10,23
https://www.nytimes.com/2019/01/10/world/australia/suspicious-packages-melbourne.html,Man in Australia Charged With Sending Suspicious Packages to Consulates,"Police offered no motive for the alleged actions of the 48-year-old man, who appeared in court Thursday on charges that could carry a 10-year prison sentence.",311,The New York Times,News,2019-01-10,24
https://www.nytimes.com/aponline/2019/01/10/sports/hockey/ap-hkn-islanders-rangers.html,Bailey Scores Late to Lift Isles Over Rangers Yet Again,A mostly quiet third period nearly cost the New York Islanders. It took just one shot by Josh Bailey to make up for it.,559,AP,News,2019-01-11,25
https://www.nytimes.com/aponline/2019/01/10/us/ap-us-texas-guinean-slave.html,Texas Pair Convicted of Enslaving African Girl for 16 Years,A federal jury has found a suburban North Texas couple guilty of enslaving a Guinean woman for 16 years.,119,AP,News,2019-01-11,26
https://www.nytimes.com/2019/01/11/reader-center/dogman-rabbitgirl-gillie-marc-schattner.html,Public Art: Love It? Hate It? Tell Us How You Really Feel,"Is there a work of public art in your neighborhood or elsewhere that makes you smile, grimace or just scratch your head? We’d like to know.",136,The New York Times,News,2019-01-11,27
https://www.nytimes.com/aponline/2019/01/11/world/europe/ap-eu-rel-romania-epiphany-horse-race-photo-gallery.html,AP PHOTOS: Romanian Village Holds Epiphany Horse Race,"Epiphany celebrations bring together hundreds of people in the Romanian village of Pietrosani for a day out in freezing temperatures that culminates in a bareback horse race across muddy, frozen or snowy fields.",359,AP,News,2019-01-11,28
https://www.nytimes.com/aponline/2019/01/11/us/ap-10-things-to-know-today.html,10 Things to Know for Today,"Your daily look at late-breaking news, upcoming events and the stories that will be talked about today:",339,AP,News,2019-01-11,29
https://www.nytimes.com/reuters/2019/01/11/world/asia/11reuters-india-election-sedition.html,India Slaps Cases Against Critics of Plan to Grant Citizenship to Non-Muslims,"Indian police on Friday said they are investigating an academic, a journalist and a peasant leader for possible sedition for publicly opposing a proposal to grant citizenship to non-Muslims from neighboring Muslim-majority countries.",314,Reuters,News,2019-01-11,30
https://www.nytimes.com/2019/01/03/us/politics/on-politics-likable-elizabeth-warren.html,Is ‘Likability’ in Politics Sexist? Yes. It’s Also Outdated.,"In the On Politics newsletter, why we need to throw away the cliches we use to describe candidates. Plus, recapping a busy day in Congress.",1451,The New York Times,News,2019-01-03,31
https://www.nytimes.com/aponline/2019/01/04/world/americas/ap-lt-venezuela-political-crisis-the-latest.html,The Latest: Diplomats Urge Venezuela's Maduro to Cede Power,The Latest on a regional meeting about Venezuela's political crisis. (all times local):,182,AP,News,2019-01-04,32
https://www.nytimes.com/reuters/2019/01/04/world/europe/04reuters-europe-migrants-ngo.html,'We Are Not Fish': Migrants Stranded at Sea Grow Frustrated,"After two weeks stranded at sea and battered by winter storms, migrants onboard a rescue ship are growing frustrated, supplies are dwindling and the crew are exhausted as European countries refuse to offer a safe port of call.",569,Reuters,News,2019-01-04,33
https://www.nytimes.com/aponline/2019/01/04/us/ap-us-confederate-monument-vandalism.html,Confederate Statue Supporters to Rally Over Removal Request,Supporters of a Confederate statue in North Carolina are planning a rally after the city where it stands ordered its removal.,139,AP,News,2019-01-04,34
https://www.nytimes.com/aponline/2019/01/04/us/politics/ap-us-united-states-yemen-airstrike-cole-bombing.html,US Says Airstrike Targeted Militant Tied to USS Cole Bombing,"An American airstrike earlier this week targeted an al-Qaida operative accused of involvement in the attack nearly two decades ago on the USS Cole that killed 17 sailors, a U.S. military spokesman said Friday.",196,AP,News,2019-01-04,35
https://www.nytimes.com/2019/01/03/technology/weather-channel-app-lawsuit.html,Los Angeles Accuses Weather Channel App of Covertly Mining User Data,"In a lawsuit on Thursday, the city attorney said tracking was used not just for local forecasts but also for commercial purposes like targeted marketing.",610,The New York Times,News,2019-01-04,36
https://www.nytimes.com/aponline/2019/01/04/us/ap-us-judge-sues-ex-girlfriend-ring.html,Attorney Sued by Judge Ex-Boyfriend: Ring Was 'Shut Up' Ploy,"A Louisiana judge wants his ex-girlfriend to return a diamond-studded engagement ring he says he purchased for her along with a matching wedding band for $62,000.",240,AP,News,2019-01-04,37
https://www.nytimes.com/reuters/2019/01/04/us/04reuters-usa-coastguard-vessel.html,Lower Mississippi River Traffic Closed by Grounded Vessel,"The U.S. Coast Guard said on Friday vessel traffic was closed in the Lower Mississippi River near New Orleans, after a deep-draft vessel had grounded.",140,Reuters,News,2019-01-04,38
https://www.nytimes.com/reuters/2019/01/04/business/04reuters-global-oil.html,"Oil Rises on China-U.S. Talks, Gains Capped by U.S. Fuel Build","Oil rose nearly 2 percent on Friday after proposed trade talks between the United States and China eased some fears about a global economic slowdown, but gains were capped after the United States reported a sharp build in refined product inventori...",543,Reuters,News,2019-01-04,39
https://www.nytimes.com/reuters/2019/01/04/world/europe/04reuters-sweden-ebola.html,Tests Show Suspected Swedish Ebola Patient Not Infected,"Medical tests have shown a patient treated in isolation at Sweden's Uppsala University Hospital for suspected Ebola is not infected with the virus after all, authorities said on Friday.",249,Reuters,News,2019-01-04,40
https://www.nytimes.com/reuters/2019/01/04/business/04reuters-apple-china-5g.html,"Court Battle, Trade War and 5G Spell Tough 2019 for Apple in China","Apple Inc's chief executive Tim Cook has his work cut out in China this year: the iPhone maker faces the looming threat of a court-ordered sales ban, the uncertain outcome of trade war talks and the roll-out of a new 5G network, where it finds its...",967,Reuters,News,2019-01-04,41
https://www.nytimes.com/2019/01/04/nyregion/newyorktoday/new-york-news-l-train-shutdown-cuomo.html,N.Y. Today: L Train Shutdown Apocalypse? Never Mind,"The governor saves the day, but not everyone is happy. Also: what the change in plans means for commuters. And Pizza Rat fans, meet Egg Roll Squirrel.",1148,The New York Times,briefing,2019-01-04,42
https://www.nytimes.com/reuters/2019/01/04/arts/04reuters-awards-oscars-host.html,Kevin Hart Re-Considering Oscars Hosting Role After DeGeneres Backing,"Kevin Hart, who stepped down as host of the Oscars following criticism over past anti-gay tweets, said he is evaluating his decision after popular comedian Ellen DeGeneres revealed she supported him in the role.",464,Reuters,News,2019-01-04,43
,Fugitive Slaves and the Road to the Civil War,"Andrew Delbanco discusses “The War Before the War,” and Rob Dunn talks about “Never Home Alone.”",0,The New York Times,,2019-01-04,44
https://www.nytimes.com/aponline/2019/01/05/sports/basketball/ap-bkn-thunder-trail-blazers-.html,George Has 37 and Thunder Hold Off Blazers 111-109,Paul George scored 37 points and the Oklahoma City Thunder snapped a six-game losing streak to the Portland Trail Blazers with a 111-109 victory on Friday night.,508,AP,News,2019-01-05,45
https://www.nytimes.com/aponline/2019/01/05/world/asia/ap-as-afghanistan.html,"Afghan Official Says Insurgents Stormed Checkpoint, 7 Killed",An Afghan official says at least seven border police officers were killed when their checkpoint came under attack by insurgents in southern Kandahar province.,111,AP,News,2019-01-05,46
https://www.nytimes.com/2019/01/01/fashion/weddings/brooklyn-bridal-its-a-thing-and-a-place-to-find-your-dress.html,Brooklyn Bridal. It’s a Thing. And a Place to Find Your Dress.,"Small boutiques, with custom-made dresses and accessories — all made in Brooklyn — are showing up all over the borough.",1412,The New York Times,News,2019-01-01,47
https://www.nytimes.com/reuters/2019/01/05/world/asia/05reuters-tuna-auction.html,Tuna Sells for Record $3 Million in Auction at Tokyo's New Fish Market,"The owner of a Japanese sushi restaurant chain on Saturday set a record by paying more than $3 million for a bluefin tuna in the year's first auction at Tokyo's new fish market, exceeding his own record price of 2013. ",246,Reuters,News,2019-01-05,48
https://www.nytimes.com/reuters/2019/01/05/world/asia/05reuters-china-population.html,China's Population Set to Peak at 1.44 Billion in 2029: Government Report,"China's population is set to reach a peak of 1.442 billion in 2029 and start a long period of ""unstoppable"" decline in 2030, government scholars said in a research report published on Friday. ",366,Reuters,News,2019-01-05,49
https://www.nytimes.com/reuters/2019/01/05/us/05reuters-california-shooting.html,"Three Killed, Four Wounded in California Bowling Alley Shooting",Three men were killed and four wounded in a shooting at a bowling alley in the Los Angeles suburb of Torrance and police said early on Saturday they were searching for a suspect or suspects.,191,Reuters,News,2019-01-05,50
https://www.nytimes.com/aponline/2019/01/05/sports/tennis/ap-ten-brisbane-international.html,Tsurenko Upsets Second-Seeded Osaka to Reach Brisbane Final,"She's ranked No. 5 in the world, will enter the season-opening major as a reigning Grand Slam champion, and is trying not to sulk.",708,AP,News,2019-01-05,51
https://www.nytimes.com/aponline/2019/01/05/world/europe/ap-eu-rel-turkey-ukraine-orthodox-church.html,Ukrainian Orthodox Church Breaks Away From Russian Influence,"An independent Ukrainian Orthodox church was created at a signing ceremony in Turkey on Saturday, formalizing a split with the Russian church it had been tied to since 1686.",383,AP,News,2019-01-05,52
https://www.nytimes.com/aponline/2019/01/05/us/ap-us-new-age-of-streaming-.html,Netflix and Chill No More-Streaming Is Getting Complicated,"Streaming TV may never again be as simple, or as affordable, as it is now.",1011,AP,News,2019-01-05,53
https://www.nytimes.com/aponline/2019/01/05/sports/basketball/ap-bkn-knicks-kanter-london.html,"Knicks' Kanter to Skip London Trip, Fearing Erdogan Reprisal",New York center Enes Kanter will not travel to London for the Knicks' upcoming international game because he believes he could be assassinated for his opposition to Turkish President Recep Tayyip Erdogan.,365,AP,News,2019-01-05,54
https://www.nytimes.com/reuters/2019/01/05/world/europe/05reuters-hungary-protest.html,"Thousands Rally Against Hungary's Overtime Work Law, PM Orban",Thousands marched through Budapest's city centre on Saturday to protest against a new law that allows employers to ask staff to work up to 400 hours per year of overtime.,413,Reuters,News,2019-01-05,55
https://www.nytimes.com/2019/01/04/nyregion/john-flanagan-rehab-senate-albany.html,"John Flanagan, G.O.P. State Senate Leader, Seeks Treatment for Alcohol Abuse","Senate Republicans, who are in the minority for the first time in a decade, will start the session in Albany without their leader.",543,The New York Times,News,2019-01-04,56
https://www.nytimes.com/aponline/2019/01/05/us/ap-us-moby-dick-marathon.html,New England Whaling Museum Hosts 'Moby-Dick' Read-a-Thon,"A Massachusetts whaling museum is hosting its 23rd annual read-a-thon of one of America's most celebrated novels &#8212; ""Moby-Dick.""",132,AP,News,2019-01-05,57
https://www.nytimes.com/reuters/2019/01/05/world/05reuters-serbia-protests.html,Thousands Rally in Belgrade Against Serbian President,Thousands marched through Belgrade's frozen city center on Saturday to protest against President Aleksandar Vucic and his ruling Serbian Progressive Party (SNS) and demand media freedoms and end to attacks against journalists and opposition figure...,401,Reuters,News,2019-01-05,58
https://www.nytimes.com/2019/01/05/opinion/sunday/2018-progress-poverty-health.html,Why 2018 Was the Best Year in Human History!,"Once again, the world’s population was living longer and living better than ever before.",855,The New York Times,Op-Ed,2019-01-05,59
https://www.nytimes.com/2019/01/02/arts/television/netflix-bandersnatch-the-sopranos.html,"‘Bandersnatch,’ ‘The Sopranos,’ and the Myth of Certainty",Both the choose-your-own adventure gimmick in “Black Mirror” and debates around the “Sopranos” finale appeal to the same fallacy of knowable destiny.,1650,The New York Times,News,2019-01-02,60
https://www.nytimes.com/reuters/2019/01/03/sports/cricket/03reuters-cricket-test-zaf-pak-steyn.html,Steyn Happy With His Pace but Seeks Confidence Boost,"Dale Steyn, fresh from becoming South Africa's leading test wicket-taker, is happy with his pace but wants more wickets to get his old confidence back.",327,Reuters,News,2019-01-03,61
https://www.nytimes.com/reuters/2019/01/03/world/asia/03reuters-usa-china-travel.html,U.S. Issues China Travel Advisory Amid Increased Tensions,"The U.S. State Department on Thursday renewed its warning for U.S. citizens traveling in China to exercise increased caution due to ""arbitrary enforcement of local laws"" amid heightened diplomatic tensions over the arrest in Canada of a Chinese te...",296,Reuters,News,2019-01-03,62
https://www.nytimes.com/aponline/2019/01/03/world/asia/ap-as-india-temple-protest.html,Hindu Hardliners Clash With Police Over Women at Shrine,"Hindu hardliners vandalized shops, shut businesses and clashed with police in a southern state Thursday to protest the entry of two women in one of India's largest Hindu pilgrimage sites, police said.",260,AP,News,2019-01-03,63
https://www.nytimes.com/aponline/2019/01/01/world/americas/ap-lt-brazil-bolsonaro.html,"Brazil's Bolsonaro Assumes Presidency, Promises Big Changes","Jair Bolsonaro was sworn in as Brazil's president Tuesday, taking the reins of Latin America's largest and most populous nation with promises to overhaul myriad aspects of daily life and put an end to business-as-usual governing.",1105,AP,News,2019-01-01,64
https://www.nytimes.com/aponline/2019/01/03/sports/football/ap-fbn-nfl-casino-deal.html,NFL Parlays With Caesars as Sponsor Minus Sports Betting,"The NFL entered a partnership with Caesars Entertainment on Thursday, the league's first official casino sponsor. The multiyear deal, however, does not include sports betting or fantasy football.",378,AP,News,2019-01-03,65
https://www.nytimes.com/reuters/2019/01/03/sports/golf/03reuters-golf-unk-ryder-cup-harrington.html,Harrington to Be Named European Ryder Cup Captain,"Padraig Harrington will be announced next week as the captain for Europe's 2020 Ryder Cup team, according to multiple reports.",353,Reuters,News,2019-01-03,66
https://www.nytimes.com/aponline/2019/01/03/us/ap-us-election-2018-north-carolina-the-latest.html,Candidate in Undecided House Race Meets With Investigators,The Latest on a North Carolina congressional race where a winner hasn't been finalized while an absentee ballot fraud investigation continues (all times local):,311,AP,News,2019-01-03,67
https://www.nytimes.com/2019/01/02/us/car-crash-egg-throwing-teenagers.html,14-Year-Old Is Charged With Murder After Egg Prank and Fatal Crash,The teenager was said to have been throwing eggs at cars in Houston on Tuesday before being chased by another driver and crashing into a pickup truck.,407,The New York Times,News,2019-01-03,68
https://www.nytimes.com/aponline/2019/01/03/us/ap-un-united-nations-somalia.html,Somalia and Ousted UN Envoy Face Off at Security Council,"A United Nations envoy who was recently ordered to leave Somalia warned Thursday about its ""political turbulence,"" while its U.N. ambassador admonished the world body to stay out of his country's internal affairs.",541,AP,News,2019-01-03,69
https://www.nytimes.com/aponline/2019/01/02/world/americas/ap-lt-brazil-bolsonaro.html,Brazil's Bolsonaro Targets Minorities on 1st Day in Office,"Newly installed President Jair Bolsonaro targeted Brazil's indigenous groups, descendants of slaves and the LGBT community with executive orders in the first hours of his administration, moving quickly after a campaign in which the far-right leade...",958,AP,News,2019-01-02,70
https://www.nytimes.com/reuters/2019/01/11/us/politics/11reuters-usa-shutdown-lawsuit.html,Air Traffic Controllers' Union Sues Over Unpaid Work During Government Shutdown,A union that represents thousands of U.S. air traffic controllers filed a lawsuit against the federal government on Friday claiming its failure to pay the workers during an ongoing partial government shutdown could endanger passengers' safety.,353,Reuters,News,2019-01-11,71
https://www.nytimes.com/reuters/2019/01/11/us/politics/11reuters-usa-trade-davos.html,Trump Cancels Planned Davos Trip as Shutdown Drags On,"U.S. President Donald Trump on Thursday canceled a planned visit later this month to the World Economic Forum in Davos, Switzerland, signaling he was prepared for the political showdown over the partial federal government shutdown to stretch into ...",311,Reuters,News,2019-01-11,72
https://www.nytimes.com/aponline/2019/01/11/us/ap-us-missing-child-san-antonio.html,Texas Police Find Body of Infant Who Was Reported Abducted,A 34-year-old man who initially told San Antonio authorities that his infant son was abducted has led investigators to the child's body.,131,AP,News,2019-01-11,73
https://www.nytimes.com/2019/01/10/books/review/8-new-books-we-recommend-this-week.html,8 New Books We Recommend This Week,Suggested reading from critics and editors at The New York Times.,1021,The New York Times,List,2019-01-10,74
https://www.nytimes.com/reuters/2019/01/11/business/11reuters-usa-shutdown-employment.html,U.S. Government Shutdown May Depress January Job Growth,"A partial shutdown of the U.S. government could slash job growth by as much as 500,000 in January and lift the unemployment rate above 4.0 percent unless the impasse in Washington is resolved before next Friday, economists warned.",677,Reuters,News,2019-01-11,75
https://www.nytimes.com/aponline/2019/01/11/world/europe/ap-eu-greece-teachers-protest.html,Greek Minister Criticizes Police Over Clashes With Teachers,Greece's public order minister strongly criticized riot police for their handling of a violent protest Friday by school teachers in Athens who were demonstrating against government plans for hiring new teachers.,169,AP,News,2019-01-11,76
https://www.nytimes.com/aponline/2019/01/11/world/europe/ap-eu-europe-weather.html,"Avalanches, Accidents Bring Europe's Winter Death Toll to 21","Heavy snow paralyzed much of Europe for yet another day, cutting off mountain villages, sparking avalanches like one that crashed into a Swiss hotel and killing at least four more people Friday.",498,AP,News,2019-01-11,77
https://www.nytimes.com/aponline/2019/01/11/us/ap-financial-markets-markets-right-now.html,Markets Right Now: Stocks Barely Budge in Quiet Trading,The latest on developments in financial markets (all times local):,408,AP,News,2019-01-11,78
https://www.nytimes.com/aponline/2019/01/11/us/ap-us-winter-weather.html,Midwestern States Brace for Winter Storm to Hit the Region,The National Weather Service says a storm stretching from the nation's capital to Colorado could bring the highest snow totals in several years to sections of Missouri and Illinois.,316,AP,News,2019-01-11,79
https://cooking.nytimes.com/recipes/1019901-linguine-with-crisp-chickpeas-and-rosemary,,"Pasta with chickpeas is a substantial, quickly assembled meal, but what’s alluring about this version is the undercurrent of rosemary. Whole sprigs lightly fried in olive oil provide flavor in two ways: the leaves are crumbled into the pasta for a...",306,du_recipe,Recipe,2019-01-07,80
https://cooking.nytimes.com/recipes/1019905-slow-cooker-white-chicken-chili,,"This tangy, mildly spicy white-bean chili is as warming and comforting as a traditional chili, but in a lighter, brighter form. Plenty of green chiles — fresh and canned — provide kick while creamy white beans mellow it all out. To decrease the he...",206,du_recipe,Recipe,2019-01-09,81
https://www.nytimes.com/aponline/2019/01/11/sports/tennis/ap-ten-usta-smith-retirement.html,Longtime USTA CEO Gordon Smith to Retire at End of Year,"Gordon Smith, longtime CEO and executive director of the U.S. Tennis Association, will retire at the end of 2019 after 12 years on the job.",130,AP,News,2019-01-11,82
https://www.nytimes.com/aponline/2019/01/11/us/politics/ap-us-federal-reserve-transcripts.html,Fed Officials Feared Adverse Market Reaction in 2013,Federal Reserve officials were worried about an adverse market reaction when they made their first tentative moves in 2013 to pull back on the massive support they had been providing to help the economy recover from the Great Recession.,701,AP,News,2019-01-11,83
https://www.nytimes.com/aponline/2019/01/11/us/ap-us-federal-plutonium-nevada.html,Government Shutdown Won't Delay Nevada Plutonium Hearing,A federal court hearing will go forward as scheduled in Nevada next week on the state's attempt to block the Energy Department's plans to ship plutonium from South Carolina to Nevada despite claims by U.S. lawyers that they need more time to prepa...,547,AP,News,2019-01-11,84
https://www.nytimes.com/aponline/2019/01/11/business/ap-financial-markets-stocks.html,"Activision, Vail Resorts Fall; General Motors, Embraer Rise",Stocks that moved substantially or traded heavily Friday:,205,AP,News,2019-01-11,85
https://www.nytimes.com/aponline/2019/01/11/sports/football/ap-fbn-jets-gase-hired.html,"Jets Make It Official, Hire Former Dolphins Coach Adam Gase",The New York Jets officially have Adam Gase in place.,440,AP,News,2019-01-11,86
https://www.nytimes.com/reuters/2019/01/11/business/11reuters-huawei-canada.html,Huawei Canada Exec Leaves Post as Scrutiny of Company Grows,"One of Huawei Canada's top executives on Friday disclosed he was leaving his post after more than seven years with the Chinese telecommunications equipment maker, which is facing heightened scrutiny over security issues from Canada and its allies.",371,Reuters,News,2019-01-11,87
https://www.nytimes.com/aponline/2019/01/11/arts/ap-us-media-cnn-wall.html,TV Station Backs Off Accusation That CNN Played Politics,An executive at a San Diego television station that accused CNN of rejecting an appearance by one of its reporters for political reasons conceded Friday he didn't really know why the network turned him down.,360,AP,News,2019-01-11,88
https://www.nytimes.com/reuters/2019/01/11/sports/soccer/11reuters-soccer-argentina-balerdi.html,Teenage Argentine Defender Balerdi to Sign for Dortmund,"Borussia Dortmund are to sign 19-year old Boca Juniors defender Leonardo Balerdi, the Argentine club's chairman said on Friday.",125,Reuters,News,2019-01-11,89
https://www.nytimes.com/aponline/2019/01/10/us/politics/ap-us-election-2020-kirsten-gillibrand.html,Gillibrand Makes Big Moves Toward 2020 Campaign,"Sen. Kirsten Gillibrand is moving aggressively toward an expected presidential bid, filling out key staff positions, traveling to key states and nearing a choice on the location for a campaign headquarters, according to multiple people familiar wi...",489,AP,News,2019-01-10,90
https://www.nytimes.com/aponline/2019/01/07/us/politics/ap-us-shutdown-border-reality.html,The Reality on the Border: How Much Will a Wall Really Help?,President Donald Trump says there is&#160;a security crisis at the U.S.-Mexico border that can be addressed only by spending $5.7 billion on a wall.&#160;,850,AP,News,2019-01-07,91
https://www.nytimes.com/reuters/2019/01/08/business/08reuters-gold-etfs.html,"Gold-Backed ETFs Gained Globally in 2018, Even With North America Outflows","Gold-backed exchange-traded funds ended 2018 with new inflows globally as uncertainty about Britain's exit from the EU drove investors to the perceived safety of European-backed ETFs, more than offsetting outflows in North America resulting from a...",321,Reuters,News,2019-01-08,92
https://www.nytimes.com/aponline/2019/01/08/sports/golf/ap-glf-ryder-cup-europe-captain.html,Harrington Takes 'Daunting' Role of Europe Ryder Cup Captain,Padraig Harrington barely raised a smile as he spoke for the first time as Europe's new Ryder Cup captain.,692,AP,News,2019-01-08,93
https://www.nytimes.com/aponline/2019/01/08/world/africa/ap-af-congo-election.html,Congo Opposition Says Candidate 'Presumed Winner' of Vote,"A Congo opposition party is calling its candidate the ""presumed winner"" of the presidential election and indicates that Felix Tshisekedi has had contact with departing President Joseph Kabila ""to prepare a peaceful and civilized transfer of power....",126,AP,News,2019-01-08,94
https://www.nytimes.com/2019/01/07/world/europe/francis-nationalism-immigration.html,Pope Francis Appeals to Europe to Show ‘Solidarity’ With Migrants,"Francis warned against a resurgence of populist movements and urged compassion for migrants fleeing poverty, violence and natural disasters.",666,The New York Times,News,2019-01-07,95
https://www.nytimes.com/2019/01/07/us/malibu-shootings.html,Man Charged in Malibu Park Shootings That Killed One and Terrorized Region,"Anthony Rauda, a parolee, was charged with murder and attempted murder in a string of shootings in and near Malibu Creek State Park that left one dead and a community on edge.",786,The New York Times,News,2019-01-08,96
https://www.nytimes.com/2019/01/06/movies/golden-globes.html,‘Bohemian Rhapsody’ and ‘Green Book’ Share Spotlight at the Golden Globes,Rami Malek and Glenn Close took best drama acting awards. Alfonso Cuarón won best director for “Roma.”,1887,The New York Times,News,2019-01-06,97
https://www.nytimes.com/aponline/2019/01/08/arts/ap-us-tv-sex-education.html,Netflix's 'Sex Education' Is a Trans-Atlantic Love Letter,"Among the bumper crop of original series debuting this month on Netflix is one that's both a time warp and a trans-Atlantic hug. It's called ""Sex Education"" and it's like a classic John Hughes high school comedy bloomed in the United Kingdom.",656,AP,News,2019-01-08,98
https://www.nytimes.com/reuters/2019/01/08/world/europe/08reuters-britain-eu-hate.html,Angry Protests Bring Britain's Brexit Divide to Parliament's Doors,"Some protesters wrap themselves in the flag of the European Union and noisily interrupt politicians' television appearances. Others yell ""Nazi"" and ""traitor"".",866,Reuters,News,2019-01-08,99
https://www.nytimes.com/aponline/2019/01/08/us/ap-us-teacher-drug-charge.html,Teacher Accused of Drug Transactions With Student,A West Virginia high school teacher accused of arranging drug transactions with a student has been arrested.,126,AP,News,2019-01-08,100
https://www.nytimes.com/2019/01/02/us/politics/elizabeth-warren-2020-candidates.html,Five Ways Elizabeth Warren (and Other 2020 Hopefuls) Will Campaign When There’s No Campaign Yet,Democrats will move quickly to try to build grass-roots support and raise money — two prerequisites for any candidate hoping to break out of what is likely to be a congested pack of contenders.,1515,The New York Times,News,2019-01-02,101
https://www.nytimes.com/reuters/2019/01/04/business/04reuters-huawei-iphone.html,Chinese Phone Maker Huawei Punishes Employees for iPhone Tweet Blunder,"China's Huawei Technologies [HWT.UL] has punished two employees for New Year greetings sent on the smartphone maker's official Twitter account using an iPhone, an internal memo showed.",377,Reuters,News,2019-01-04,102
https://www.nytimes.com/2019/01/02/theater/broadway-grosses-hamilton-record.html,‘Hamilton’ Leads a Record-Breaking Holiday Week on Broadway,"The musical grossed more than $4 million, while plays showed surprising strength at the box office, too.",615,The New York Times,News,2019-01-02,103
https://www.nytimes.com/aponline/2019/01/03/us/politics/ap-us-new-congress.html,"Speaker Again, Pelosi Sees 'New Dawn' for 116th Congress",Cheering Democrats returned Nancy Pelosi to the House speaker's post Thursday as the 116th Congress ushered in a historically diverse freshman class eager to confront President Donald Trump in a new era of divided government.,1132,AP,News,2019-01-03,104
https://www.nytimes.com/reuters/2019/01/03/world/asia/03reuters-india-election-religion.html,India's Top Court to Name Panel to Weigh Demand for Temple on Disputed Site,"India's Supreme Court is likely to name a panel on Friday to hear arguments in a case that could pave the way for a controversial plan to build a Hindu temple on the ruins of a 16th-century mosque, a lawyer involved in the case said. ",355,Reuters,News,2019-01-04,105
https://www.nytimes.com/aponline/2019/01/03/sports/ncaabasketball/ap-bkw-t25-saint-marys-gonzaga.html,"Smith, Rice Help No. 17 Gonzaga Win 10th Straight, 74-62","Chandler Smith scored 17 points, Zykera Rice added 16 and No. 17 Gonzaga pulled away from Saint Mary's 74-62 on Thursday night for its 10th straight win.",153,AP,News,2019-01-04,106
https://www.nytimes.com/2019/01/03/arts/dance/dance-in-nyc-this-week.html,12 Dance Performances to See in N.Y.C. This Weekend,Our guide to dance performances happening this weekend and in the week ahead.,1306,The New York Times,News,2019-01-03,107
https://www.nytimes.com/2019/01/03/arts/comedy-in-nyc-this-week.html,5 Comedy Shows to Catch in N.Y.C. This Weekend,"Our guide to stand-up, improv and variety shows happening this weekend and in the week ahead.",399,The New York Times,News,2019-01-03,108
https://www.nytimes.com/aponline/2019/01/03/us/politics/ap-us-new-congress-pelosi.html,"Pelosi Wins Speaker Job, Will Lead House Democrats Again","Nancy Pelosi knew this moment would come, even if others had their doubts &#8212; or worked to stop her.",699,AP,News,2019-01-03,109
https://www.nytimes.com/reuters/2019/01/04/world/asia/04reuters-northkorea-kimjongun-coal-analysis.html,Kim's Vision of a Coal-Fueled North Korean Future May Be Tough to Realize,"When North Korean leader Kim Jong Un used his New Year speech to highlight coal as a ""primary front"" in developing the economy, he was making a case for what analysts see as a flawed but key resource on which his country increasingly relies.",958,Reuters,News,2019-01-04,110
https://www.nytimes.com/reuters/2019/01/08/business/08reuters-eurozone-banks-italy-carige-pm.html,Italy Government Support for Carige Is Temporary-PM,"The Italian government's intervention to support troubled lender Carige is a temporary measure, Prime Minister Giuseppe Conte said on Tuesday, adding he expected the bank to recover and seek a merger with a rival.",100,Reuters,News,2019-01-08,111
https://www.nytimes.com/reuters/2019/01/08/business/08reuters-chantiers-m-a-fincantieri.html,Italy PM Surprised by EU Decision on Fincantieri,Italian Prime Minister Giuseppe Conte said on Tuesday he was surprised by the European Commission's decision to open an investigation into Fincantieri's planned acquisition of French counterpart Chantiers de l'Atlantique.,72,Reuters,News,2019-01-08,112
https://www.nytimes.com/2019/01/07/sports/fa-cup-third-round.html,The Fleeting Magic of the F.A. Cup,"The competition’s third round, when the Premier League’s giants join the lower-level dreamers, has been devalued by disinterest. But there’s still joy if you know where to look. ",1480,The New York Times,News,2019-01-07,113
https://www.nytimes.com/2019/01/07/opinion/editorials/trump-border-shutdown.html,Borderline Insanity,President Trump rained cruelties on immigrants and asylum seekers and now wants hundreds of millions of dollars to address the humanitarian crisis he caused.,553,The New York Times,Editorial,2019-01-08,114
https://www.nytimes.com/reuters/2019/01/08/business/08reuters-wework-m-a-softbank.html,WeWork Gets $2 Billion After SoftBank Cuts Planned Investment,WeWork said on Tuesday that Japan's SoftBank boosted its stake in the company by $2 billion (1.6 billion pounds) in a deal that is billions of dollars below what the shared workspace provider had hoped to raise to fund growth and buy out existing ...,407,Reuters,News,2019-01-08,115
https://www.nytimes.com/aponline/2019/01/08/us/ap-us-xgr-kentucky-legislature-the-latest.html,The Latest: Candidate Seated Amid Election Challenge,The Latest on the first day of the Kentucky legislative session (all times local):,265,AP,News,2019-01-08,116
https://www.nytimes.com/reuters/2019/01/08/world/europe/08reuters-usa-trump-russia-lawyer.html,Russian Lawyer at Trump Tower Meeting Charged in Separate Case,A Russian lawyer who attended a June 2016 meeting at Trump Tower under scrutiny in the U.S. special counsel's probe of Russian election meddling was charged in a separate case that U.S. prosecutors said showed evidence of her ties to the Kremlin.,767,Reuters,News,2019-01-08,117
https://www.nytimes.com/reuters/2019/01/08/world/europe/08reuters-britain-eu-article50.html,EU Open but Wary on British Interest in Brexit Delay,"The European Union is looking at how Brexit might be postponed and is open to the idea, with EU officials talking of delays from a few weeks to a full year, but it questions whether any such move can prevent a divided nation crashing out in chaos.",589,Reuters,News,2019-01-08,118
https://www.nytimes.com/aponline/2019/01/08/us/ap-us-child-shot-houston-the-latest.html,The Latest: 2nd Suspect Charged in Houston Girl's Death,The Latest on the fatal shooting of a 7-year-old girl in Houston (all times local):,282,AP,News,2019-01-08,119
https://www.nytimes.com/aponline/2019/01/08/us/ap-us-xgr-slavery-amendment.html,Nebraska Measure Would Ban Slavery as Criminal Punishment,A Nebraska lawmaker wants to close a 143-year-old loophole in the state constitution that allows people to be enslaved as punishment for a crime.,129,AP,News,2019-01-08,120
https://www.nytimes.com/aponline/2019/01/08/nyregion/ap-us-nyc-public-health-care.html,"Mayor Says NYC Will Expand Health Coverage to 600,000 People","New York City will spend up to $100 million per year to expand health care coverage to people without health insurance, including immigrants who are in the U.S. illegally, Mayor Bill de Blasio announced Tuesday.",691,AP,News,2019-01-08,121
https://www.nytimes.com/reuters/2019/01/08/sports/golf/08reuters-golf-masters-imahira.html,Golf-Japan's Imahira Accepts Masters Invitation,Shugo Imahira has accepted a special invitation to compete in this year's U.S. Masters after a brilliant season in which he was the Japan Tour's top money leader.,265,Reuters,News,2019-01-08,122
https://www.nytimes.com/aponline/2019/01/08/us/ap-as-nkorea-kims-travels-train-photo-gallery.html,AP PHOTOS: Rulers Ride the Rails Across History,"We can fly now, of course. But sometimes we don't.",224,AP,News,2019-01-08,123
https://www.nytimes.com/2019/01/05/style/figure-skating-harlem-women-of-color.html,‘When I Skate It Just Feels Free’,Figure Skating in Harlem helps young women of color see themselves on ice.,1230,The New York Times,News,2019-01-05,124
https://www.nytimes.com/2019/01/06/nyregion/the-simpsons-de-blasio-mayor-nyc.html,Why De Blasio Loves ‘The Simpsons’ (and Where He’d Take Homer in New York City),"Before a cameo appearance on “The Simpsons"" on Sunday, the New York City mayor spoke about his love for the show, his channel surfing habits and why he is not bothered when shows he likes air on Fox.",1574,The New York Times,News,2019-01-06,125
https://www.nytimes.com/2019/01/04/obituaries/pegi-young-dead.html,"Pegi Young, 66, Musician Who Started a School for Disabled, Dies","The mother of a child with cerebral palsy, she helped start the Bridge School, whose star-studded benefit concerts included her ex-husband, Neil Young.",908,The New York Times,Obituary (Obit),2019-01-05,126
https://www.nytimes.com/aponline/2019/01/08/us/ap-us-baltimore-police-commissioner.html,Baltimore Mayor Picks New Orleans Chief to Lead Police Force,"A day after her first choice withdrew his candidacy, Baltimore's mayor on Tuesday picked New Orleans Police Superintendent Michael Harrison as her nominee to lead the city's troubled force and become a key player in making sure sweeping reforms fi...",776,AP,News,2019-01-08,127
https://www.nytimes.com/2019/01/03/nyregion/el-chapo-trial-recap.html,"Gore, Graft and More of What We’ve Learned So Far From the El Chapo Trial","The trial of Joaquín Guzmán Loera, the Mexican crime lord known as El Chapo, began in November. Since then, revelations about corruption and cartel life have exceeded expectations.",1330,The New York Times,News,2019-01-03,128
https://www.nytimes.com/aponline/2019/01/06/sports/hockey/ap-hkn-capitals-red-wings.html,Capitals Rally in Third to Edge Red Wings 3-2,"On another fruitless night for their power play, the Washington Capitals needed scoring from some unlikely sources.",602,AP,News,2019-01-07,129
https://www.nytimes.com/aponline/2019/01/06/sports/tennis/ap-ten-atp-cup.html,Sydney Set to Host Finals in Inaugural ATP Cup Team Event,Sydney is set to host the finals of the inaugural ATP Cup men's team competition next January in an overhaul of the Australian swing for men's tennis ahead of the season-opening Grand Slam tournament.,211,AP,News,2019-01-07,130
https://www.nytimes.com/aponline/2019/01/04/us/ap-us-election-2018-north-carolina.html,GOP Candidate: Board Change Limits Chance of New Election,The Republican in the nation's last undecided congressional race says he believes changes to North Carolina's elections board mean a new election is less likely.,134,AP,News,2019-01-05,131
https://www.nytimes.com/reuters/2019/01/04/world/americas/04reuters-usa-shutdown-wall.html,Trump Says He Could Use Emergency Powers to Build Border Wall,"President Donald Trump said on Friday he could use emergency powers to build a wall on the U.S.-Mexico border without Congress' approval, threatening to bypass Democratic lawmakers emboldened by their recent takeover of the House of Representative...",284,Reuters,News,2019-01-04,132
https://www.nytimes.com/aponline/2019/01/04/world/asia/ap-financial-markets.html,"Stocks Swing to Huge Gains After Jobs Report, Trade Talks",Global stocks soared Friday and reversed the big losses they suffered just a day earlier. The Dow Jones Industrial Average rallied 746 points in the latest twist in a wild three months for markets.,974,AP,News,2019-01-04,133
https://www.nytimes.com/2019/01/04/briefing/shutdown-jobs-markets.html,"Shutdown, Jobs, Markets: Your Friday Evening Briefing",Here’s what you need to know at the end of the day.,1278,The New York Times,briefing,2019-01-04,134
https://www.nytimes.com/reuters/2019/01/04/world/asia/04reuters-tuna-auction.html,Tuna Sells for Record $3 Million in Auction at Tokyo's New Fish Market,"The owner of a Japanese sushi restaurant chain on Saturday set a record by paying more than $3 million for a bluefin tuna in the year's first auction at Tokyo's new fish market, exceeding his own record price of 2013. ",246,Reuters,News,2019-01-05,135
https://www.nytimes.com/2019/01/04/world/middleeast/khashoggi-murder-pompeo-saudi-arabia.html,Pompeo Plans to Press Saudi Leaders Over Killing of Jamal Khashoggi,"Mr. Khashoggi’s case underscores the complexities of Secretary of State Mike Pompeo’s coming visit to eight Arab nations in the Middle East, where he will discuss strategies to contain Iran.",841,The New York Times,News,2019-01-04,136
https://www.nytimes.com/2019/01/04/opinion/spring-winter-seasons-birds.html,Spring Is Coming,"Amid gray days and long nights, the season is hidden in plain sight.",856,The New York Times,Op-Ed,2019-01-05,137
https://www.nytimes.com/2019/01/04/your-money/pet-insurance-policies.html,More Pet Insurance Policies Are Being Sold. But Are They Worth the Cost?,Consumer advocates say pet owners should bring a healthy skepticism when shopping for insurance.,1102,The New York Times,News,2019-01-04,138
https://www.nytimes.com/2019/01/04/world/asia/phillipines-duterte-mayor-killed.html,Philippine Police Kill Ex-Mayor Accused of Drug Crimes by Duterte,"Talib Abo, who had a long history of conflict with President Rodrigo Duterte, and his brother were killed in separate police raids early Friday, the authorities said.",671,The New York Times,News,2019-01-04,139
https://www.nytimes.com/2019/01/04/us/politics/house-democrats-ethics-voting-rights.html,"Aiming at Trump, Democrats Lay Out Agenda for a Post-Shutdown Congress","House Democrats detailed an ambitious bill — including changes to ethics, campaign finance and voting laws — on Friday. But the ongoing the shutdown deflected attention.",1182,The New York Times,News,2019-01-04,140
https://www.nytimes.com/2019/01/01/well/move/how-to-get-stronger-in-the-new-year.html,How to Get Stronger in the New Year,"Six ways to build muscle, even if you don’t have much time to work out.",671,The New York Times,News,2019-01-01,141
https://www.nytimes.com/reuters/2019/01/01/sports/cricket/01reuters-cricket-test-zaf-pak.html,Pakistan Look to Fix Batting Woes Against Hostile South Africa,Pakistan's struggling batsmen must find a way to handle South Africa's potent pace attack if they are to claw their way back into the three-match series in the second test that starts on what is likely to be a lively Newlands wicket on Thursday.,571,Reuters,News,2019-01-01,142
https://www.nytimes.com/reuters/2019/01/01/sports/football/01reuters-football-nfl-coaches.html,NFL: League Under Scrutiny for Lack of Minority Coaches,The National Football League is under the microscope for lack of minority head coaches after a recent slew of firings in the league.    ,393,Reuters,News,2019-01-01,143
https://www.nytimes.com/aponline/2019/01/01/world/europe/ap-eu-rel-vatican-new-years-day.html,Papal Ode to Motherhood Ushers in 2019 After Disastrous 2018,"Pope Francis ushered in the New Year with an ode to motherhood Tuesday, reminding the faithful that a mother's example and embrace is the best antidote to today's disjointed world of solitude and misery.",306,AP,News,2019-01-01,144
https://www.nytimes.com/reuters/2019/01/01/sports/cycling/01reuters-cycling-sky.html,"Froome, Thomas to Skip Giro d'Italia and Focus on Tour De France","Chris Froome will not defend his Giro d'Italia title this year, choosing to focus on winning a record-equalling fifth Tour de France crown instead, Team Sky announced on Tuesday.",265,Reuters,News,2019-01-01,145
https://www.nytimes.com/reuters/2018/12/31/us/31reuters-new-mexico-family-rescue.html,New Mexico Family Rescued After Four Days in Snowy Mountains,"A New Mexico family of four was rescued after going missing for several days after they were caught in a snowstorm on Christmas Eve, police said.",260,Reuters,News,2019-01-01,146
https://www.nytimes.com/reuters/2018/12/31/us/31reuters-new-year-usa-military.html,U.S. Strategic Command Apologizes for Tweet About Dropping Bombs,"U.S. Strategic Command, which oversees the country's nuclear arsenal, apologized for a Twitter message saying it was ready if necessary to drop something ""much, much bigger"" than the New Year's Eve ball in New York and showing a clip of an aircraf...",185,Reuters,News,2019-01-01,147
https://www.nytimes.com/aponline/2019/01/01/world/asia/ap-as-pakistan-politics.html,Pakistan's Ex-Prime Minister Appeals Sentence for Graft,Pakistan's former Prime Minister Nawaz Sharif has appealed his conviction and prison sentence handed down by an Islamabad anti-graft tribunal last week.,132,AP,News,2019-01-01,148
https://www.nytimes.com/reuters/2019/01/01/sports/golf/01reuters-golf-newyear.html,Golf: Pressure On to Strike While Iron Hot With New Major Schedule,Hitting a hot streak at the right time will be the goal of golf's top male professionals this year as a new calendar crams the major championships into a super busy four-month stretch.,846,Reuters,News,2019-01-01,149
https://www.nytimes.com/reuters/2019/01/01/world/asia/01reuters-hongkong-politics.html,Thousands March in Hong Kong Against China 'Repression' After Grim 2018,"Thousands of demonstrators marched in Hong Kong on Tuesday to demand full democracy, fundamental rights, and even independence from China in the face of what many see as a marked clampdown by the Communist Party on local freedoms.",509,Reuters,News,2019-01-01,150
https://www.nytimes.com/interactive/2019/01/07/learning/07SenegalGeographyQuizLN.html,How Much Do You Know About Senegal?,Can you find Senegal on a map? What else do you know about this West African nation with 15 million people.,0,The New York Times,Interactive Feature,2019-01-07,151
https://www.nytimes.com/aponline/2019/01/07/world/asia/ap-as-china-huawei-computing-ambitions.html,China's Huawei Unveils Chip for Global Big Data Market,"Huawei Technologies Ltd. showed off a new processor chip for data centers and cloud computing Monday, expanding into new and growing markets despite Western warnings the company might be a security risk.",657,AP,News,2019-01-07,152
https://www.nytimes.com/reuters/2019/01/07/business/07reuters-india-cenbank-dividend-exclusive.html,Exclusive: India's Central Bank Likely to Pay Bumper Interim Dividend to Help Modi Government-Sources,"India's central bank, having changed leadership last month following a clash with the government, is likely to transfer an interim dividend of 300-400 billion rupees (&#163;3.3 billion-&#163;4.5 billion) to the government by March, according to th...",743,Reuters,News,2019-01-07,153
https://www.nytimes.com/reuters/2019/01/07/technology/07reuters-ams-ag-china.html,AMS Partners China's Face++ for Android Face Recognition,"Sensor specialist AMS is teaming up with Chinese software maker Face++ to produce new 3D facial recognition features for smartphones, as the Austrian firm aims to reduce its dependency on Apple and boost its battered shares. ",338,Reuters,News,2019-01-07,154
https://www.nytimes.com/aponline/2019/01/07/world/europe/ap-eu-rel-vatican-sex-abuse.html,Pope: Vatican Meeting Aims to 'Shed Full Light' on Sex Abuse,"Pope Francis says next month's meeting of bishops from around the world aims to ""shed full light"" on clergy sex abuse and covers-ups.",132,AP,News,2019-01-07,155
https://www.nytimes.com/aponline/2019/01/07/us/ap-us-parolee-kidnapping-rape.html,"Paroled Repeat Offender Now Accused of Rape, Kidnapping","A repeat offender whose life sentences for rape were twice overturned is now back behind bars in Alabama, accused of attacking a fourth woman.",127,AP,News,2019-01-07,156
https://www.nytimes.com/reuters/2019/01/07/world/europe/07reuters-germany-politics-cyber.html,German Data Breach Prompts Calls for Improved Online Security,"German government officials called on Monday for a tightening of data security laws after a far-reaching breach exposed the documents of hundreds of politicians, including Chancellor Angela Merkel.",461,Reuters,News,2019-01-07,157
https://www.nytimes.com/aponline/2019/01/07/world/asia/ap-as-hong-kong-catholic-church.html,Advocate of China-Vatican Dialogue Named Hong Kong Bishop,"In a move widely seen as kowtowing to Beijing, the Vatican appointed a retired China-friendly cardinal to head the Catholic Diocese of Hong Kong on Monday, effectively blocking the succession of the highest-ranking serving bishop known to be criti...",336,AP,News,2019-01-07,158
https://www.nytimes.com/reuters/2019/01/07/business/07reuters-usa-trade-china-ross-int.html,"U.S., China Could Settle Immediate Trade Issues-Ross on CNBC","The United States and China are likely to reach a good settlement over immediate trade issues while agreement on structural trade issues and enforcement will be harder, U.S. Secretary of Commerce Wilbur Ross said on Monday as U.S.-China trade talk...",248,Reuters,News,2019-01-07,159
https://www.nytimes.com/aponline/2019/01/07/world/europe/ap-eu-romania-eu.html,Romania Insists It's Up to the EU Presidency,"Romania's government insists it is capable of handling the rotating presidency of the European Union, dismissing remarks made by the head of the bloc's executive branch.",122,AP,News,2019-01-07,160
https://www.nytimes.com/aponline/2018/12/31/sports/olympics/ap-oly-russian-doping.html,Deadline Passes Without Russian Turnover of Data to WADA,"The deadline for Russia to turn over samples and other data from its Moscow anti-doping lab passed Tuesday, leaving the World Anti-Doping Agency to decide whether to reinstate the ban it had lifted in September.",314,AP,News,2019-01-01,161
https://www.nytimes.com/reuters/2019/01/01/sports/hockey/01reuters-icehockey-nhl-2019-2020-outdoor-games.html,"NHL Announces 2019-20 Outdoor Games, All-Star Weekend",The NHL announced Tuesday the dates and locations for three outdoor games as well as All-Star Weekend for the 2019-2020 season. NHL commissioner Gary Bettman made the announcements during the 2019 Bridgestone NHL Winter Classic between the Chicago...,242,Reuters,News,2019-01-01,162
https://www.nytimes.com/aponline/2019/01/01/us/politics/ap-us-congress-trump-critics.html,Departure of Trump's GOP Critics in Senate Leaves a Void,"President Donald Trump's most prominent GOP critics on Capitol Hill are close to completing their Senate careers, raising the question of who &#8212; if anyone &#8212; will take their place as willing to publicly criticize a president who remains ...",906,AP,News,2019-01-01,163
https://www.nytimes.com/aponline/2019/01/01/us/politics/ap-us-government-shutdown-the-latest.html,The Latest: White House Invites Hill Leaders to Briefing,The Latest on the partial government shutdown (all times local):,397,AP,News,2019-01-01,164
https://www.nytimes.com/reuters/2019/01/01/world/africa/01reuters-mali-security.html,Armed Men Kill 37 Civilians in Part of Mali Hit by Ethnic Violence,"Armed men killed 37 Fulani civilians on Tuesday in central Mali, where ethnic violence cost hundreds of lives last year, the government said.  ",217,Reuters,News,2019-01-01,165
https://www.nytimes.com/aponline/2019/01/01/us/ap-us-itunes-apps-top-10.html,The Top iPhone and iPad Apps on App Store,"App Store Official Charts for the week ending December 30, 2018:",251,AP,News,2019-01-01,166
https://www.nytimes.com/reuters/2019/01/01/us/politics/01reuters-usa-trump-romney.html,"Romney Attacks Trump, Saying He Causes Dismay Around the World","Mitt Romney, the former Republican presidential candidate and incoming U.S. senator from Utah, sharply criticized President Donald Trump and suggested the U.S. leader had caused dismay around the world.",335,Reuters,News,2019-01-02,167
https://www.nytimes.com/reuters/2019/01/01/business/01reuters-japan-forcedlabour-southkorea.html,South Korean 'Forced Labor' Plaintiffs Seek Nippon Steel Asset Seizure: Newspaper,"South Korean plaintiffs in a World War Two forced labor court case against Japan's Nippon Steel &amp; Sumitomo Metal Corp have applied to seize some of Nippon Steel's Korean assets, a South Korean newspaper reported on Wednesday. ",300,Reuters,News,2019-01-02,168
https://www.nytimes.com/2019/01/01/sports/urban-meyer-ohio-state-rose-bowl.html,"As His Parting Gift, Urban Meyer Gives Ohio State a Rose Bowl Victory","The coach, who served a suspension earlier this season, had already announced his retirement, but he coached his team to a win over Washington in his final game.",944,The New York Times,News,2019-01-02,169
https://www.nytimes.com/aponline/2019/01/01/us/politics/ap-us-government-shutdown.html,Congress Leaders Invited to White House for Border Briefing,"President Donald Trump on Tuesday invited congressional leaders to a White House briefing on border security as the partial government shutdown dragged on over funding for a border wall, with Trump tweeting, ""Let's make a deal?""",1022,AP,News,2019-01-01,170
https://www.nytimes.com/2019/01/06/world/middleeast/isis-syria-warren-christopher-clark.html,"American ISIS Member Caught on Syrian Battlefield, Militia Says",The Houston native is said to have once sought a job teaching English for the Islamic State. The militia said it had also captured a second American.,1014,The New York Times,News,2019-01-06,171
https://www.nytimes.com/aponline/2019/01/07/world/europe/ap-eu-brexit.html,Britain Testing 'No-Deal' Scenario as Brexit Vote Nears,"Britain is testing how its motorway and ferry system would handle a ""no-deal"" Brexit by sending a stream of trucks from a closed local airport to the port of Dover &#8212; even as some legislators try to pressure the government to rule out the sce...",551,AP,News,2019-01-07,172
https://www.nytimes.com/reuters/2019/01/07/arts/07reuters-usa-court-dehavilland.html,U.S. Top Court Snubs Actress De Havilland's Suit Against FX Networks,The U.S. Supreme Court on Monday declined to consider reviving a lawsuit by 102-year-old Oscar-winning actress Olivia de Havilland accusing a Twenty-First Century Fox Inc unit of falsely portraying her in a miniseries about a famous Hollywood feud...,410,Reuters,News,2019-01-07,173
https://www.nytimes.com/aponline/2019/01/07/us/politics/ap-us-election-2020-elizabeth-warren-iowa.html,Trump Backer Arrested After Fracas at Warren Rally in Iowa,A Minnesota supporter of President Donald Trump is facing a disorderly conduct charge stemming from a weekend altercation at an Iowa rally for Democratic Sen. Elizabeth Warren.,143,AP,News,2019-01-07,174
https://www.nytimes.com/reuters/2019/01/07/world/europe/07reuters-usa-trump-russia-concord.html,U.S. Judge: Defense Lawyer's Conduct in Russia Probe 'Unprofessional',"A U.S. judge said on Monday that a lawyer defending a target of Special Counsel Robert Mueller's probe of Russian election meddling engaged in ""unprofessional, inappropriate and ineffective"" conduct, prompting the lawyer to say he might withdraw f...",300,Reuters,News,2019-01-07,175
https://www.nytimes.com/2019/01/04/arts/television/donald-trump-game-of-thrones.html,‘Game of Thrones’ Does Not Say What Donald Trump Thinks It Does,The president’s appropriation of the show’s tagline and imagery suggests he doesn’t know what happened to the wall — or what it really means.,905,The New York Times,News,2019-01-04,176
https://www.nytimes.com/aponline/2019/01/07/sports/soccer/ap-soc-england-weekend-watch.html,Guardiola Sends Message to Liverpool as De Bruyne Returns,"Receiving a pass at shoulder height while facing his own goal, Kevin De Bruyne headed the ball backward and over an opponent just behind him before spinning to collect it and race forward to start yet another Manchester City attack.",765,AP,News,2019-01-07,177
https://www.nytimes.com/aponline/2019/01/07/us/ap-us-writers-guild-awards-nominations.html,"'Black Panther,' 'A Star Is Born' Get Writers Guild Noms","The scripts for ""Black Panther"" and ""A Star Is Born"" are among the five films that have been selected to compete for best adapted screenplay at the Writers Guild of America Awards. The two blockbusters will compete against ""BlacKkKlansman,"" ''Can ...",125,AP,News,2019-01-07,178
https://www.nytimes.com/2019/01/07/us/california-today-gavin-newsom-inauguration.html,What to Expect at Gavin Newsom’s Inauguration,Monday: A new governor takes the reins; what you need to catch up on the Golden Globes; and the onscreen goofs involving California you remember most,1143,The New York Times,briefing,2019-01-07,179
https://www.nytimes.com/reuters/2019/01/07/world/americas/07reuters-brazil-politics-ibama.html,Head of Brazil's Environmental Protection Agency Resigns,"The head of Brazil's environmental protection agency Ibama resigned on Monday after far-right President Jair Bolsonaro, in his latest attack on the agency, criticized the amount of money it spends to rent vehicles. ",467,Reuters,News,2019-01-07,180
https://www.nytimes.com/aponline/2019/01/05/us/ap-us-nevada-execution-inmate-dead.html,Nevada Inmate Whose Execution Called Off Found Dead in Cell,"A twice-convicted murderer who declared he wanted to die and who Nevada officials said tried several times to kill himself after two scheduled lethal injections were postponed has been found dead from an apparent hanging, officials said Saturday.",664,AP,News,2019-01-06,181
https://www.nytimes.com/reuters/2019/01/06/sports/cricket/06reuters-cricket-test-aus-ind.html,India Force Rare Australia Follow-On in Sydney Test,Australia were forced to follow-on on home soil for the first time in 30 years after being dismissed for 300 as India went for the jugular in search of a maiden series triumph Down Under on a rain-disrupted fourth day of the final test on Sunday. ,379,Reuters,News,2019-01-06,182
https://www.nytimes.com/2019/01/05/sports/hopman-cup-mens-team-tennis.html,"As Men’s Team Tennis Events Rise, the Coed Hopman Cup Is Left in Limbo","The future of the Hopman Cup, the only coed team tournament on the tennis calendar, is uncertain, with the new ATP Cup set to eclipse it.",1237,The New York Times,News,2019-01-05,183
https://www.nytimes.com/reuters/2019/01/06/sports/06reuters-basketball-nba-phi-dal-recap.html,Simmons&#8217; Triple-Double Helps 76ers Hold Off Mavs,"Furkan Korkmaz buried a key 3-pointer with 1:34 remaining Saturday night to stall a Dallas Mavericks rally, helping the host Philadelphia 76ers hold on for a 106-100 victory.",318,Reuters,News,2019-01-06,184
https://www.nytimes.com/reuters/2019/01/05/sports/cricket/05reuters-cricket-test-aus-ind.html,"Australia Dismissed for 300, India Enforce Follow-On","Australia were dismissed for 300 after lunch on the fourth day of the final test against India on Sunday, trailing the tourists' first innings of 622-7 declared by 322 and forced to follow-on.",88,Reuters,News,2019-01-05,185
https://www.nytimes.com/aponline/2019/01/05/us/ap-fbn-seahawks-cowboys.html,"Prescott, Cowboys Push Past Seahawks for 24-22 Wild-Card Win","Dak Prescott saw an opening up the middle, then three defenders between him and the first down.",1021,AP,News,2019-01-06,186
https://www.nytimes.com/aponline/2019/01/06/sports/football/ap-fbn-seahawks-cowboys-folo.html,Cowboys Stuff Seahawks' Run in Wild-Card Win; It's Pass Next,The young Dallas defense stuffed the NFL's No. 1 rushing offense in a wild-card win over the Seattle Seahawks.,838,AP,News,2019-01-06,187
https://www.nytimes.com/aponline/2019/01/06/sports/basketball/ap-bkn-warriors-kings.html,"Curry Scores 42 Points, Warriors Hold Off Kings 127-123","Stephen Curry scored 20 of his 42 points in the fourth quarter and had 10 3-pointers, and the Golden State Warriors held on to beat the Sacramento Kings 127-123 on Saturday night.",380,AP,News,2019-01-06,188
https://www.nytimes.com/reuters/2019/01/06/world/europe/06reuters-ukraine-church.html,"Ecumenical Patriarch Hands Over Decree, Sealing Ukraine Church Independence","The spiritual leader of Orthodox Christians worldwide on Sunday presented the head of the Ukrainian church with a decree granting it independence from Moscow, a historic split strongly opposed by Russia.",544,Reuters,News,2019-01-06,189
https://www.nytimes.com/2019/01/04/us/prison-misconduct-congressional-study.html,"Misconduct in Federal Prisons Is Tolerated or Ignored, Congressional Report Says","The investigation found that bad behavior, including criminal acts and sexual harassment, routinely goes unpunished in federal prisons.",665,The New York Times,News,2019-01-05,190
https://www.nytimes.com/2019/01/06/us/politics/joe-biden-2020-president.html,Biden in 2020? Allies Say He Sees Himself as Democrats’ Best Hope,"Mr. Biden has indicated to associates that he is leaning toward running for president in 2020, setting up a primary race clash between a veteran Washington insider and more liberal contenders.",1873,The New York Times,News,2019-01-06,191
https://www.nytimes.com/2019/01/05/opinion/sunday/nancy-pelosi-house-speaker.html,Speaker Pelosi Returns,Who says there are no second acts in American history?,1716,The New York Times,Op-Ed,2019-01-05,192
https://www.nytimes.com/aponline/2019/01/07/us/ap-us-kidnapper-manhunt-the-latest.html,"The Latest: Kidnapping, Sex Suspect Arraigned in Hospital",The Latest on man accused of kidnapping woman and child. (all times local):,370,AP,News,2019-01-07,193
https://www.nytimes.com/aponline/2019/01/07/us/ap-us-camper-shot-the-latest.html,The Latest: Man Charged in California Camper's Killing,The Latest on a parolee charged with killing a camper and shooting at 10 others (all times local):,275,AP,News,2019-01-07,194
https://www.nytimes.com/aponline/2019/01/07/us/ap-us-nursing-home-deaths-florida.html,Nursing Home Where 12 Died After Storm Has License Revoked,Florida has revoked the license of a nursing home where 12 elderly patients died in the heat after it lost power during a 2017 hurricane.,134,AP,News,2019-01-07,195
https://www.nytimes.com/aponline/2019/01/07/us/ap-financial-markets-box.html,How Major US Stock Indexes Fared Monday,"U.S. stocks rose again Monday as retailers and smaller companies rallied after a report showed strong orders last month for service-sector companies, where most Americans work. Representatives from the U.S. and China began another round of trade n...",130,AP,News,2019-01-07,196
https://www.nytimes.com/reuters/2019/01/07/us/politics/07reuters-usa-shutdown-pence.html,Trump Has 'Made No Decision' Whether to Declare Emergency Over Border Wall: Pence,"U.S. President Donald Trump has not made a decision on whether to declare a national emergency over his demand for border wall funding and the White House counsel's office is studying the matter, Vice President Mike Pence said on Monday.",347,Reuters,News,2019-01-07,197
https://www.nytimes.com/aponline/2019/01/07/us/ap-us-seaports-giant-cranes.html,Port: Largest Shipping Cranes to Operate in US Have Arrived,"What are said to be the largest cranes to operate at a U.S. commercial port arrived Monday in Virginia, marking the latest effort to accommodate the increasingly mammoth container ships that underpin international trade.",462,AP,News,2019-01-07,198
https://www.nytimes.com/reuters/2019/01/07/sports/soccer/07reuters-soccer-england-wlv-liv.html,Liverpool Knocked Out of FA Cup by Wolves,Premier League leaders Liverpool paid the price for fielding a weakened side as they were knocked out in the third round of the FA Cup following a 2-1 defeat by Wolverhampton Wanderers on Monday.,341,Reuters,News,2019-01-07,199
https://www.nytimes.com/aponline/2019/01/07/us/ap-us-bob-mcdonnell-divorce.html,"Bob McDonnell, Former Virginia Governor, Files for Divorce",Former Virginia Gov. Bob McDonnell has filed for divorce from his wife of 42 years.,134,AP,News,2019-01-07,200
https://www.nytimes.com/2019/01/11/nyregion/steven-pollard-fdny-funeral.html,A Funeral for a Young Firefighter on the Cusp of ‘His Dream’,"Steven H. Pollard, a firefighter who died in the line of duty Sunday, was mourned at his funeral as a brave hero who was able to meet a childhood goal.",650,The New York Times,News,2019-01-11,201
https://www.nytimes.com/reuters/2019/01/12/world/europe/12reuters-mideast-crisis-syria-turkey.html,Turkey's Military Reinforces on Border With Syria's Idlib,"Turkish troops and tanks carried out military exercises on the border with Syria on Saturday, state-run media reported, while a monitoring group said a Turkish convoy had crossed the frontier into northern Syria.",334,Reuters,News,2019-01-12,202
https://www.nytimes.com/aponline/2019/01/12/us/ap-us-government-shutdown-native-americans.html,Shutdown Puts Strain on Hundreds of Native American Tribes,"Fallout from the federal government shutdown is hurting Native Americans as dwindling funds hamper access to health care and other services. The pain is especially deep in tribal communities with high rates of poverty and unemployment, where one p...",1131,AP,News,2019-01-12,203
https://www.nytimes.com/reuters/2019/01/12/world/africa/12reuters-safrica-politics.html,South Africa's ANC Says Central Bank Should Broaden Economic Focus,"South Africa's ruling party said on Saturday the central bank should broaden its focus to include boosting employment and economic growth, a move that will worry investors already concerned about the direction of economic policy.",500,Reuters,News,2019-01-12,204
https://www.nytimes.com/reuters/2019/01/12/world/europe/12reuters-britain-eu-abuse.html,Man Arrested After Abuse of British Pro-EU Lawmaker Soubry,A man was arrested on Saturday after a video of a group of men verbally abusing pro-European lawmaker Anna Soubry prompted calls for the police to do more to protect politicians outside parliament.    ,144,Reuters,News,2019-01-12,205
https://www.nytimes.com/aponline/2019/01/11/world/americas/ap-cb-puerto-rico-hamilton.html,"To Ovations, Hamilton's Star Reprises Role in Puerto Rico","Lin-Manuel Miranda reprised his lead role in the hit musical ""Hamilton"" to start a two-week run in Puerto Rico expected to raise millions of dollars for artists and cultural groups struggling in the wake of Hurricane Maria.",828,AP,News,2019-01-11,206
https://www.nytimes.com/reuters/2019/01/12/us/politics/12reuters-usa-election-castro.html,Democrat Julian Castro Launches 2020 U.S. Presidential Bid,"Texas Democrat Julian Castro, a former San Antonio mayor and top U.S. housing official, formally launched his White House bid on Saturday, entering as a dark horse candidate in a likely crowded field vying to challenge President Donald Trump in th...",623,Reuters,News,2019-01-12,207
https://www.nytimes.com/reuters/2019/01/12/sports/soccer/12reuters-soccer-england-cdf-hdd-report.html,Huddersfield End Losing Run With 0-0 Draw at Cardiff,Bottom club Huddersfield Town ended their eight-match losing streak in the Premier League with a goalless draw at fellow strugglers Cardiff City on Saturday but were left fuming over a decision by referee Lee Mason.,403,Reuters,News,2019-01-12,208
https://www.nytimes.com/aponline/2019/01/12/world/europe/ap-eu-serbia-protest.html,Anti-Govt Protests for 6th Week Against Serbian Leader,Several thousand people have turned out in Belgrade for the sixth week of street protests against populist Serbian President Aleksandar Vucic and his government.,133,AP,News,2019-01-12,209
https://www.nytimes.com/aponline/2019/01/12/us/ap-us-soldier-slain-arrests.html,Michigan Police Arrest 2 in Soldier's New Year's Eve Slaying,Police in southern Michigan have arrested two suspects in the New Year's Eve slaying of a soldier who was fatally shot while on leave.,128,AP,News,2019-01-12,210
https://www.nytimes.com/reuters/2019/01/07/business/07reuters-wework-m-a-softbank.html,Softbank to Invest Additional $2 Billion in WeWork: Sources,"SoftBank Group Corp will inject another $2 billion in WeWork Cos Inc this year, bringing the Japanese conglomerate's total investment in the office space provider to more than $10 billion, according to two people familiar with the matter.",390,Reuters,News,2019-01-07,221
https://www.nytimes.com/reuters/2019/01/07/business/07reuters-nissan-ghosn-text.html,Statement by Ex-Nissan Chairman Carlos Ghosn in Tokyo Court,"The following are prepared remarks by Carlos Ghosn, ex-chairman of Nissan Motor Co, for his court appearance in Tokyo on Tuesday regarding allegations against him of aggravated breach of trust. The statement was released by Ghosn's lawyers in the ...",1181,Reuters,News,2019-01-08,222
https://www.nytimes.com/aponline/2019/01/07/sports/hockey/ap-hkn-predators-maple-leafs.html,"Rinne Notches 3rd Shutout of Season, Predators Top Leafs 4-0",Toronto coach Mike Babcock said the Maple Leafs got schooled by Nashville.,810,AP,News,2019-01-08,223
https://www.nytimes.com/aponline/2019/01/07/us/ap-us-california-new-governor-the-latest.html,The Latest: 2 'Firsts' Take Oath as California Officeholders,The Latest on California Gov.-elect Gavin Newsom's inauguration (all times local):,1049,AP,News,2019-01-07,224
https://www.nytimes.com/aponline/2019/01/07/sports/basketball/ap-bkn-nets-celtics.html,Irving Scores 17 in Return as Celtics Top Sloppy Nets 116-95,"The Boston Celtics shared the ball extremely well. The sloppy Brooklyn Nets helped them out a lot, too.",575,AP,News,2019-01-08,225
https://www.nytimes.com/aponline/2019/01/07/us/politics/ap-us-trump-terrorism-fact-check.html,AP FACT CHECK: Trump's Mythical Terrorist Tide From Mexico,President Donald Trump and his officials persist in promoting the discredited notion that terror suspects are pouring into the U.S. from Mexico by the thousands.,1030,AP,News,2019-01-07,226
https://www.nytimes.com/reuters/2019/01/08/business/08reuters-basf-espionage.html,BASF Workers in Taiwan Suspected of Leaking Company Secrets,"Taiwan is investigating six current and former employees of BASF's local operations suspected of leaking corporate secrets to a rival Chinese company, an official said on Monday.",472,Reuters,News,2019-01-08,227
https://www.nytimes.com/reuters/2019/01/08/sports/soccer/08reuters-soccer-england-che-sarri.html,Sarri Hopes Hudson-Odoi Stays at Chelsea,"Chelsea manager Maurizio Sarri has urged Callum Hudson-Odoi to rebuff Bayern Munich's advances and stay in England, saying the teenage forward has a ""great future"" in the Premier League.",185,Reuters,News,2019-01-08,228
https://www.nytimes.com/2019/01/07/us/politics/nellie-liang-fed-board.html,Fed Nominee Nellie Liang Withdraws From Consideration,"The White House said Monday that Ms. Liang, an expert on financial regulation, had decided not to seek a seat on the Federal Reserve’s board.",475,The New York Times,News,2019-01-08,229
https://www.nytimes.com/2019/01/07/theater/broadway-actors-strike-over-profit-sharing-impasse.html,Broadway Actors to Refuse Development Work Over Profit-Sharing Impasse,Actors’ Equity said it would prevent its members from testing out material during a play’s development until a new contract is reached.,462,The New York Times,News,2019-01-08,230
https://www.nytimes.com/2019/01/07/your-money/stock-market-retirement.html,How to Dodge a Market Dip That Threatens Your Retirement,The recent volatility in the stock market can make older investors feel vulnerable. Here are some strategies to make sure your money lasts as long as you do.,1395,The New York Times,News,2019-01-07,231
https://www.nytimes.com/aponline/2019/01/07/sports/basketball/ap-bkn-grizzlies-pelicans.html,"Davis Has 36 Points, 13 Boards, Pelicans Top Memphis 114-95","Anthony Davis had little to say about his latest dunk-filled scoring outburst. He even shrugged off his seldom-seen ""Shammgod"" crossover dribble that stunned the Grizzlies, delighted the crowd and set up his thunderous driving dunk.",777,AP,News,2019-01-08,232
https://www.nytimes.com/2019/01/07/sports/world-juniors-finland-usa-canada.html,"Sorry, Canada: Parity Reshapes the World Junior Championship","Canada used to own the under-20 ice hockey world championships. But in recent years, Finland and the U.S. have won the event more often than the Canadians.",901,The New York Times,News,2019-01-07,233
https://www.nytimes.com/2019/01/07/us/politics/justice-ginsburg-miss-supreme-court.html,Justice Ruth Bader Ginsburg Misses Supreme Court Arguments,A court spokeswoman said the justice would participate in the cases by reading briefs and argument transcripts. She had never missed an argument in 25 years on the court.,619,The New York Times,News,2019-01-07,234
https://www.nytimes.com/2019/01/07/movies/golden-globes-surprises.html,Why the Golden Globes’ Surprise Wins Aren’t So Surprising,How did “Bohemian Rhapsody” and “Green Book” prevail while big hits like “A Star Is Born” and “Black Panther” stumbled?,1018,The New York Times,News,2019-01-07,235
https://www.nytimes.com/2019/01/07/your-money/2019-self-improvement-adventure.html,It’s 2019. Want Some Self-Improvement? Invest in Adventure.,"In a world where things often feel static, there is inherent value in reminding yourself that you can change. Let’s call that adventure. What’s yours?",436,The New York Times,News,2019-01-07,236
https://www.nytimes.com/2019/01/07/opinion/senate-republicans-power.html,Washington’s New Power Structure,Only Senate Republicans can make government work.,865,The New York Times,Op-Ed,2019-01-08,237
https://www.nytimes.com/reuters/2019/01/08/world/americas/08reuters-usa-immigration-delegation.html,Democrats Touring Border Warn Trump Against Diverting Funds for Wall,A Congressional delegation of Democrats touring a Border Patrol facility in New Mexico on Monday warned President Donald Trump against circumventing Congress and diverting already appropriated money towards building a wall on the U.S.-Mexico borde...,492,Reuters,News,2019-01-08,238
https://www.nytimes.com/reuters/2019/01/08/business/08reuters-usa-economy-openings.html,More U.S. Regions See Job Openings Outnumbering Jobless,"Job openings are outnumbering unemployed workers across increasingly wide swaths of the United States, forcing businesses to rethink how they find workers, which could keep pressure on the Federal Reserve to raise interest rates despite a global e...",702,Reuters,News,2019-01-08,239
https://www.nytimes.com/2019/01/01/science/2019-launches-moon.html,"Rocket Launches, Trips to the Moon and More Space and Astronomy Events in 2019","A busy year in space just ended, and this one will be full of new highlights in orbit and beyond.",1023,The New York Times,News,2019-01-01,240
https://www.nytimes.com/2019/01/12/us/jayme-closs-updates-wisconsin-sheriff.html,"For Sheriff Who Led Search for Jayme Closs, No Sweeter Words Than ‘We Got Her’","A Q. and A. with Sheriff Chris Fitzgerald of Barron County, Wis., which was upended after a brutal murder and the disappearance of a young girl.",914,The New York Times,News,2019-01-12,241
https://www.nytimes.com/2019/01/10/style/kratom-what-is-it.html,Is Kratom Nature’s Answer to Opioids? ,"A leaf from Southeast Asia is touted as a painkiller, and creeps from smoke shops to health stores.",469,The New York Times,News,2019-01-10,242
https://www.nytimes.com/aponline/2019/01/12/sports/golf/ap-glf-sony-open.html,Kuchar Leads Sony Open by 2 Shots,"Matt Kuchar made it look easy Saturday in the Sony Open. With no bogeys on his card, it even felt easy to him.",725,AP,News,2019-01-13,243
https://www.nytimes.com/reuters/2019/01/13/business/13reuters-china-banking-usa.html,Bank of China to Enable Payment in Yuan on U.S. e-Commerce Platforms: Xinhua,"Bank of China's New York branch will enable Chinese firms to receive payment in yuan rather than dollars from their sales on U.S. e-commerce platforms this year, the official Xinhua news agency reported on Sunday.",226,Reuters,News,2019-01-13,244
https://www.nytimes.com/aponline/2019/01/13/world/asia/ap-as-afghanistan-explosion.html,Afghan Official: Gas Cylinder Blast Leaves 9 Dead in Kabul,An Afghan official says at least nine people were killed when a gas cylinder exploded in Kabul.,118,AP,News,2019-01-13,245
https://www.nytimes.com/2019/01/09/world/europe/halal-kosher-humane-slaughter.html,Is Stunning an Animal Before Slaughter More Humane? Some Religious Leaders Say No,"Two regions of Belgium are banning kosher and halal slaughter, arguing that not using stunning is cruel. But Jewish and Muslim leaders say their traditions minimize an animal’s suffering.",726,The New York Times,News,2019-01-09,246
https://www.nytimes.com/2019/01/13/fashion/weddings/chandrika-srivastava-nikhil-basu-trivedi.html,"Chandrika Srivastava, Nikhil Basu Trivedi",The couple met in 2013 through a mutual friend on the campus of Stanford.,281,The New York Times,News,2019-01-13,247
https://www.nytimes.com/aponline/2019/01/13/world/africa/ap-af-zimbabwe-fuel-crisis.html,Zimbabwe President Doubles Price of Gas as Fuel Crisis Bites,"Zimbabwe's president has more than doubled the price of gasoline, hoping the increase will end severe shortages that are fueling public anger even as he departs on a foreign trip to Russia and other countries in search of investment.",1047,AP,News,2019-01-13,248
https://www.nytimes.com/reuters/2019/01/13/world/europe/13reuters-eu-migration-germany.html,EU May Need Rules to Stop Doctors Emigrating: German Minister,"The European Union should consider regulating to stop member states from poaching each other's doctors and other professionals, German Health Minister Jens Spahn said.",238,Reuters,News,2019-01-13,249
https://www.nytimes.com/reuters/2019/01/13/world/europe/13reuters-britain-eu-barclay.html,Increased Risk UK Parliament Acts to Frustrate Britain's EU Exit: Brexit Minister,"The risk of the British parliament seeking to frustrate Brexit has increased, Brexit minister Stephen Barclay said on Sunday.",108,Reuters,News,2019-01-13,250
